ID,Number_Plate
_33,
_33,
_33,
_33,
_36,
_36,
_36,
_36,
_36,
_36,
_36,
_36,
_36,
_36,
_36,
_36,
_36,
_36,
_36,
_36,
_36,
_36,
_36,
_36,
_36,
_36,
_36,
_36,
_36,
_36,s
_36,
_36,
_36,
_36,
_36,Nlll.
_36,
_36,SALII
_36,
_36,
_36,Al
_36,KAGLMNI J35I
_36,kALLII
_36,KAGI MII_lIs
_36,KASIMIIJi
_36,KAGLNIJII
_36,Ka sl
_36,K9AIIIgIFO
_36,KLIuJi
_36,kincMb
_36,841^^
_41,
_41,
_41,
_41,
_41,
_41,
_41,
_41,
_41,
_41,
_41,
_41,
_41,
_41,
_41,
_41,
_41,
_41,
_41,
_41,
_41,
_41,
_44,z
_44,a2
_44,calLDD
_44,as2
_44,24
_47,
_47,
_47,
_47,
_47,
_47,
_50,
_4,
_4,
_4,
_4,
_4,
_4,
_4,
_4,
_4,
_4,
_4,
_60,2T2
_4,
_4,
_4,
_4,
_4,
_4,Ify
_4,
_4,
_4,
_75,
_75,
_75,
_75,
_75,
_75,
_75,
_75,
_75,
_75,ellLu
_75,
_75,
_75,
_75,
_75,
_75,
_75,
_75,
_82,5
_82,QgIb5
_86,
_86,
_86,
_86,
_86,
_86,
_88,
_88,
_88,
_88,
_88,
_88,
_88,
_88,[LSJ2g!
_88,KISJKVEK
_88,QugITssE
_88,DISIILSD
_88,5LLSB
_88,ELSIIPSG7
_88,GLSTINSS
_88,5TTNS6
_88,NS6IKIS
_88,ETS1NNS
_88,KISII
_90,
_90,
_90,
_90,
_90,
_90,
_90,
_90,
_90,
_13,
_13,
_13,
_13,
_113,
_135,
_135,
_135,
_135,
_135,
_135,
_135,
_145,uG(QTrete Choice
_148,
_148,
_148,
_148,
_148,
_148,
_148,
_148,
_148,
_148,
_148,
_148,
_148,
_148,
_148,
_148,
_148,
_148,
_148,
_148,
_148,TSI2555
_148,
_148,
_148,
_148,~
_148,Asili e
_148,A5JL
_148,uaeinribl
_148,Ilbllat
_148,l%l
_148,ISAIIJETEC
_148,I5InJG IEi
_148,5IH5#36
_148,ISnJ6 13G
_148,[S106136
_148,45;[!6 13&
_148,IKJG {3&
_145,)136|
_148,'136
_154,Iljyzks3
_154,se3
_169,DeDr
_169,finrnr
_169,
_169,Msnsfnl
_169,
_169,
_169,3
_169,
_169,3l3g
_169,lrIED
_169,5y
_169,[51
_169,ur#[| 5{]50
_169,LA DLIIIJI59
_169,DI NV 3459
_169,aI5g
_169,3159|
_183,
_183,
_183,
_183,
_183,
_183,
_183,
_183,
_183,
_183,
_183,
_183,
_183,
_18,
_18,
_18,
_18,
_18,
_184,
_184,
_184,
_184,
_18,
_184,
_184,
_184,
_184,
_184,
_184,
_18,
_184,
_184,Tul
_184,
_184,
_184,
_184,
_184,
_184,
_184,
_184,
_18,
_184,
_184,
_184,
_184,
_184,
_184,
_184,
_184,
_184,
_18,
_18,
_188,
_188,
_188,n3
_188,
_188,n
_18,
_188,
_188,
_188,
_188,
_188,
_188,
_188,
_188,
_18,
_18,
_192,
_192,
_192,
_192,
_18,
_196,
_196,
_18,
_197,
_197,
_197,
_197,
_197,
_197,
_197,
_197,
_197,
_18,
_197,
_197,
_197,
_197,
_197,
_197,
_197,
_197,
_197,
_197,
_18,
_197,
_197,
_197,
_197,
_197,
_197,
_197,
_197,
_197,
_197,
_18,
_197,
_197,
_197,
_197,
_197,
_197,1|58
_197,
_197,
_197,
_197,
_18,
_197,
_197,
_197,ls
_197,(l;lI50
_197,"(5l}5:g^"""
_197,51
_197,
_197,elsill:^
_197,jse
_197,"""I5Ilg4)"
_18,
_197,Ilslli:g
_197,"SIIg:"""
_197,VIlI:ig
_197,(|51[;;83
_197,^|51|[5:?
_197,"""VI5ld55["
_197,"""5II[58;"
_197,NI5IIE5!J`
_197,NI5IIgjb]
_197,"KI5(L;:"""
_18,nlD
_197,"""|151!:;!^7"
_197,"""0454![594)"
_197,I7I5[99g]
_197,"""5il[583"
_197,"""(|5[|;;90"""
_197,M5IIg;9g
_197,(I5llg6g3;
_197,5||:599
_197,[45!!:;9g]
_197,(|5||5931
_18,
_197,|(51!`5)37
_197,1(|51![;9]7
_197,I5II[5937
_197,"""|51|!534]"
_197,[!51![5917
_197,KI51![5937
_197,IS1n:593
_197,IGiiE59J7
_197,I51ME5937
_197,(M5iM[5937
_18,
_197,KI5IIg5gg]
_197,"""I5il[937"
_197,"K""G1![5?37"
_197,"""511[5937"
_197,TI51!:593)
_197,5IIE593]|
_197,I5I![593]|
_197,"""151|!5937|"
_197,I5IIE59J7|
_197,"""!51!:599]"
_18,
_197,"II5""IE593]|"
_197,[!EIIE593]|
_197,"""!5I!C59g)|"
_197,"""|5|i:593]"
_197,(!5|!E5937
_197,(15|![5937
_197,[51![5937
_197,"""!51|[5937]"
_197,KIGII[5937|
_197,K/5|![5931
_18,
_197,"""I5IIE59g]"
_197,1(451![5937|
_197,K!51|[5937|
_197,"""(151|E5937"
_197,(151|E5997
_197,"""151![5937|"
_197,((!51![5937|
_197,"""(151![5937|"
_197,(/511[5937
_197,|(A51[5937
_18,
_197,KAS1I[5937
_197,KI5II[5997
_197,KAS1IE5937
_199,fuI
_197,I(5||E5$37
_199,"""l"
_197,(451!E5937
_199,
_197,(!61|[5937
_199,IIl 
_197,"""(0514[5937"
_199,yI)
_197,KA51![5937
_199,IyiTTgie
_197,K(M51!E5937
_199,ylsii
_197,K!514`5937
_199,js. !iv=
_18,
_197,K/!514[5937
_199,Gllij
_197,K151|[5937
_199,"""yvg gii"
_197,K/51IE5937
_199,Ti(;lll[
_197,|!51![5937
_199,"li;""]"
_197,K!5115937
_199,
_197,(/51[5937
_199,
_197,K!51:E5937
_197,K!51!E5937
_197,KA51![5937
_197,K/51![5937
_18,:G
_197,((!51![5937
_197,(^51!E5937
_197,KA511E5937
_197,K451455937
_197,1/51|E5937
_205,Y1~3-bas
_197,KA514E5937
_205,inisGe
_197,(A511[5937
_205,715
_206,liu5yl`
_197,K4514E5937
_205,
_206,VNgJNiailla
_197,K[51!E5937
_205,
_197,K/514[5937
_18,
_197,K([51#[5937
_206,ITUIsill0
_197,|(451:[593]
_206,nil:II5IlI0
_197,K4514E5937
_206,jlNlJJVI
_197,K4514E5937
_206,Gjiiiki
_197,K!514E5337
_206,nr
_197,K!511[5937
_206,ilBllg gie
_197,K/51|E5937
_206,5lll3 Hj?
_197,KA5iAE5937
_206,
_197,K!51455937
_205,
_206,Mitlligu
_197,K1511E5937
_205,
_206,Gsunil
_197,K(4514[5937|
_206,SD9la
_197,KA510E5937
_206,IU5Agll
_197,K4514[5937|
_197,K4514[5937
_206,siMirlla
_197,K4514E5937
_206,iljlVU
_197,KA514[5937
_206,Tlti:io
_197,K4514E5937
_206,
_197,K4514[5937
_197,KA514E5937
_197,K451!E5937
_197,K451AE593
_197,KA514E593
_197,K451!E5937
_197,K4514E5937
_197,K4514E593
_197,K451!E593
_208,jll! :[e
_197,KA51!E593
_208,jir! gi
_197,KA51!E593
_197,KA514E593
_197,K451/E5937
_208,
_197,(1514E5937
_208,isvgala
_197,K4514E5937
_208,glyu
_197,K4514E5937|
_208,sjG3
_197,K4514E5937|
_208,5[l[]ail?
_197,KA514[5937
_208,"Gll5 ""l!"
_197,K4514E5937
_208,V5Vi il9
_211,5s
_197,K451![5937|
_208,ibsVgij
_211,
_197,K451!E5937|
_208,
_197,KA51/E5937
_208,gins
_197,KA51/E5937|
_208,hi HLH
_197,14514E5937|
_208,illl 9l9
_211,al9a
_197,KA514E5937
_208,n:ilV0gii9
_211,
_197,|4514[5937
_208,!sllial
_197,K451AE5937
_208,iJlL u3
_211,
_197,K451!E5937|
_208,HViHL
_211,
_197,K(1!514E5937
_208,"I! 5ill^ ""70)"
_211,nCsse
_197,K4514E5937
_208,jull[ gii
_211,
_197,K451!E5937|
_208,lllO sji8
_197,K4514E5937|
_208,lVd silg
_211,
_197,K4511E5937|
_208,Hrats
_211,
_197,1(451!E5937|
_208,glGl
_211,61056
_197,K/511E5937|
_208,jstt iu
_211,
_197,K(451!E5937|
_208,illail
_211,
_197,K451#E5937|
_208,75Ili]L:
_211,
_197,KA51!E5937|
_208,jlle a
_211,
_197,K4514[5937|
_211,ae7
_197,Ki514[5937|
_211,
_197,K/514E5937|
_208,T5u) sicu
_211,
_197,K4514E5937|
_208,:jls
_211,
_197,K!51E5937|
_208,sbE
_211,
_197,K4514E5937|
_208,diHil! ii
_211,
_197,KA514E5937|
_208,HIVo diE
_211,
_197,K/514[5937
_211,
_197,|(4511E5937|
_211,
_197,K/51!E5937|
_211,
_197,KA514[5937
_211,mli5
_197,KA51/[5937
_208,LJIVI gltg
_211,
_197,|/51![5937|
_208,5lll0 gi09
_211,
_197,KA51/E5937
_208,lI si!!
_197,[1/!51!E5937|
_197,K!51/E5937
_211,
_197,K451!E5937
_211,
_214,li5tV0 giva
_197,K/51/E5937
_214,fjlilo giii
_197,K/514E5937|
_214,isll0 gil9
_197,K/!514E5937
_214,lIlg gils
_197,KA51/E5937
_214,risjyjtg
_197,KA514E5937|
_214,5LV0 97Og
_197,K/510E5937|
_214,}.51V! 97(9
_197,K4514E5937
_214,I5IVD !iya
_197,K4514[5937|
_214,"61[|0 ""709"
_197,K/51AE5937
_214,;|I!n gj(5
_197,KA51!E5937
_214,NA5III0!7og
_197,KA51AE5937
_214,"""151||0 9709"
_197,KA51AE5937
_214,"d_[""] 9709"
_197,nelK{/51|E5937
_214,rI5IVI gii9
_197,K/51AE5937
_208,15I!0 @709
_214,IKiSivg gTg
_197,K/514[5937
_208,I!5lV597O9
_197,K/51AE5937
_208,5lVggjc9
_197,KA514E5937
_208,KI5IID 9709
_214,5|||0 9709
_197,KI51AE5937
_214,"""!5||1 97!9"
_197,|(A514E5937
_214,KN5IV0 grn9
_197,KA51AE5937
_214,"""751|!09709"
_197,_|{/514E5937
_214,KA5IND 97g!
_197,K/51/E5937
_208,05110 070g
_214,NIJIVO 9`Og
_197,K/51[E5937
_208,n51|0 9709
_214,KA5IID 97ng
_197,KA51![5937
_214,(;} ID 97gg
_197,K/51!E5937
_214,|151[5 9709
_197,K(/51|E5937
_214,A5ill0 97O9
_197,K/51/E5937
_214,[n5|0 97!9
_197,K(/514E5937
_214,IM5IVD 97O9
_197,K/51![5937
_214,h! 51|0 9709
_197,InaK/51!E5937
_214,KN5IVO97!9
_197,|(/51!!E5937
_214,KA5IID 97O9
_216,73
_197,K/51/E5937
_214,KN5IND 97O9
_216,
_197,K/51!E5937
_214,KjlVD 9709
_216,7
_197,KA51AE5937
_208,nn511|0 9709
_214,Kh5TIID 9T0g
_216,33
_197,K/51/E5937
_208,^; 51||0 9709
_216,033
_197,KA51AE5937
_208,41511|5 9709
_216,03
_197,KA51!E5937
_208,KI5iV0 9709
_216,m3
_197,K(/51/E5937
_208,KI5IVD 9709
_216,iha3
_197,|(/51/[5937
_208,KI51Vb 97O9
_216,Ila^
_197,"""A514E5937"
_208,[151/0 9709
_216,51n03
_197,(!51AE5937
_208,KI51V0 9709
_216,51#03
_197,KA51/E5937
_208,71 51|!0 9709
_216,E5iliDg
_197,K/!51AE5937
_208,7|510|0 97(
_216,HSIHO3
_197,'|(4514E5937
_208,KA5IID 9
_216,HSill73
_197,"""[(|51AE5937"
_208,KI5IV0
_216,HS1103
_197,K451/E5937
_208,KI5IVD
_216,151033
_197,KA51/E5937
_208,KI5IV
_216,n5O33
_197,|A51/E5937
_208,K51
_216,C5 ru32
_197,"""K(/51/E5937"
_208,KI5
_216,15`#033
_197,KA51!E5937
_208,KA
_216,G5iu0:3
_197,K(A51/E5937
_208,
_216,"""51H0433"
_197,KA51!E5937
_216,"""15146933"
_197,K/51/[5937
_216,71511033
_197,|(/51[E5937
_216,"""15500573"
_197,KA51/E5937
_216,"""1}6160233"
_197,K/514[5937
_216,MSLLD23
_197,K/51/E5937
_216,1751[10333+
_197,|(/51/[5937
_216,1115110733
_197,KA51A[5937
_216,1751103235
_197,|(/511|E5937
_216,1:51;73395
_197,K(A51AE5937
_216,15:503335
_197,K/51/[5937
_216,RAS`O235
_197,K/51/E5937
_216,1188~1633.
_197,KA51AE5937
_216,VI51nd333
_197,K(A51/[5937
_216,"7""5162555"
_197,KA51/E5937
_216,Kai3
_197,KA51AE5937
_216,1}51[;0333E
_20,
_20,
_20,
_20,
_20,
_20,
_20,
_20,
_20,
_20,
_20,
_20,
_20,
_22,
_22,
